Workbook

Sheet GREX Samenvatting
A1: Onderdeel | B1: Bedrag (€)
A2: Totale grondkosten | B2: =SUM(Grondexploitatie!B2:B20) -> 100
A3: Totale bouwkosten | B3: =SUM(Bouwkosten!B2:B30) -> 300000
A4: Totale infrastructuur | B4: =SUM('Infra & Openbaar'!B2:B20) -> 20000
A5: Totale advieskosten | B5: =SUM('Advies & Leges'!B2:B20) -> 7500
A6: Totale kosten | B6: =SUM(B2:B5) -> 327600
A7: Totale opbrengsten | B7: =SUM(Opbrengsten!B2:B20) -> 374000
A8: Resultaat GREX | B8: =B7-SUM(B2:B5) -> 46400

Sheet Grondexploitatie
A1: Post | B1: Bedrag (€) | C1: Toelichting
A2: Aankoop grond | B2: 0
A3: Sloopkosten | B3: 100
A4: Bodemonderzoek | B4: 0
A5: Bodemsanering | B5: 0
A6: Notaris / overdracht | B6: 0
A7: Rente grondpositie | B7: 0
A8: Overige grondkosten | B8: 0

Sheet Bouwkosten
A1: Post | B1: Bedrag (€) | C1: Toelichting
A2: Woningen | B2: 300000
A3: Zorgwoningen | B3: 0
A4: Gemeenschappelijke ruimte | B4: 0
A5: Installaties | B5: 0
A6: Duurzame energie | B6: 0
A7: Waterbeheer | B7: 0
A8: Circulaire voorzieningen | B8: 0
A9: Onvoorzien (%) | B9: 0

Sheet Infra & Openbaar
A1: Post | B1: Bedrag (€) | C1: Toelichting
A2: Wegen | B2: 20000
A3: Parkeren | B3: 0
A4: Groenvoorziening | B4: 0
A5: Riolering | B5: 0
A6: Wateropvang | B6: 0
A7: Verlichting | B7: 0

Sheet Advies & Leges
A1: Post | B1: Bedrag (€) | C1: Toelichting
A2: Architect | B2: 5000
A3: Constructeur | B3: 0
A4: Juridisch advies | B4: 0
A5: Leges gemeente | B5: 0
A6: Bestemmingsplan | B6: 0
A7: Projectmanagement | B7: 2500

Sheet Opbrengsten
A1: Post | B1: Bedrag (€) | C1: Toelichting
A2: Verkoop woningen | B2: 340000
A3: Verhuur woningen | B3: 0
A4: Zorgexploitatie | B4: 10000
A5: Subsidies | B5: 0
A6: Energieopbrengsten | B6: 0
A7: Erfpacht | B7: 24000

Sheet Scenario Analyse
A1: Scenario | B1: Kosten (€) | C1: Opbrengsten (€) | D1: Resultaat (€)
A2: Conservatief | B2: 0 | C2: 0 | D2: =C2-B2 -> 0
A3: Realistisch | B3: 0 | C3: 0 | D3: =C3-B3 -> 0
A4: Optimistisch | B4: 0 | C4: 0 | D4: =C4-B4 -> 0

Sheet Boerdorp Voorbeeld
A1: Onderdeel | B1: Aantal / Eenheid | C1: Prijs per eenheid (€) | D1: Totale waarde (€) | E1: Toelichting
A2: Erfpacht grond | B2: 10 | C2: 35000 | D2: =B2*C2 -> 350000 | E2: Langjarige erfpachtconstructie
A3: Bouwkosten woningen | B3: 10 | C3: 185000 | D3: =B3*C3 -> 1850000 | E3: Levensloopbestendige woningen
A4: Gemeenschappelijk erf | B4: 1 | C4: 150000 | D4: =B4*C4 -> 150000 | E4: Centraal erf en ontmoetingsruimte
A5: Zorgvoorzieningen | B5: 1 | C5: 95000 | D5: =B5*C5 -> 95000 | E5: Wonen met toevoeging zorg
A6: Energievoorziening | B6: 1 | C6: 180000 | D6: =B6*C6 -> 180000 | E6: Zonnepanelen, batterij en biogas
A7: Waterbeheer | B7: 1 | C7: 45000 | D7: =B7*C7 -> 45000 | E7: Wateropvang en infiltratie
A8: Infra en parkeren | B8: 1 | C8: 120000 | D8: =B8*C8 -> 120000 | E8: Erfwegen en parkeren
A9: Advies en leges | B9: 1 | C9: 85000 | D9: =B9*C9 -> 85000 | E9: Architect, gemeente en procedures
A10: Onvoorzien | B10: 1 | C10: 100000 | D10: =B10*C10 -> 100000 | E10: Financiële buffer
A11: Totale investering | D11: =SUM(D2:D10) -> 2975000
A14: Opbrengstenmodel
A15: Onderdeel | B15: Aantal | C15: Prijs (€) | D15: Totaal (€) | E15: Toelichting
A16: Instap erfpacht bewoners | B16: 10 | C16: 25000 | D16: =B16*C16 -> 250000 | E16: Eenmalige instapvergoeding
A17: Jaarlijkse erfpacht | B17: 10 | C17: 7200 | D17: =B17*C17 -> 72000 | E17: Per woning per jaar
A18: Zorgservice abonnement | B18: 10 | C18: 1800 | D18: =B18*C18 -> 18000 | E18: Voorbereide zorgstructuur
A19: Energie-opbrengsten | B19: 1 | C19: 95000 | D19: =B19*C19 -> 95000 | E19: Energielevering aan regio
A20: Totale jaarlijkse opbrengsten | D20: =SUM(D16:D19) -> 435000
A22: Indicatief exploitatieverschil jaar 1 | D22: =D20-D11 -> -2540000
A24: Kern van het Boerdorp-model
A25: • Grond blijft in erfpachtconstructie
A26: • Bewoners kopen woonrecht in plaats van grond
A27: • Wonen, zorg en energie geïntegreerd
A28: • Circulaire erfstructuur met gedeelde voorzieningen
A29: • Lange termijn exploitatie in plaats van snelle verkoop
